{
  "metrics_agg": {
    "eval_friedman_chi_sq": 34.78520286396182,
    "eval_friedman_p": 1.6606987757906912e-06,
    "eval_nemenyi_cd": 2.1764487512153066,
    "eval_mean_rank_FIGS": 2.5,
    "eval_grand_mean_accuracy_FIGS": 0.8116755942640473,
    "eval_mean_rank_RO_FIGS": 3.9166666666666665,
    "eval_grand_mean_accuracy_RO_FIGS": 0.7549642460432326,
    "eval_mean_rank_SG_FIGS_10": 4.291666666666667,
    "eval_grand_mean_accuracy_SG_FIGS_10": 0.7215159288032643,
    "eval_mean_rank_SG_FIGS_25": 4.75,
    "eval_grand_mean_accuracy_SG_FIGS_25": 0.7083275085309063,
    "eval_mean_rank_SG_FIGS_50": 4.458333333333333,
    "eval_grand_mean_accuracy_SG_FIGS_50": 0.6868780549414976,
    "eval_mean_rank_GradientBoosting": 1.0833333333333333,
    "eval_grand_mean_accuracy_GradientBoosting": 0.8582672482759776,
    "eval_spearman_rho_n_features": 0.2101579405015039,
    "eval_spearman_p_n_features": 0.512085328993753,
    "eval_spearman_rho_n_samples": 0.4825174825174825,
    "eval_spearman_p_n_samples": 0.11210929146889191,
    "eval_spearman_rho_n_classes": 0.004160459499865046,
    "eval_spearman_p_n_classes": 0.9897616054955951,
    "eval_spearman_rho_synergy_graph_density_25pct": -0.028070348232900156,
    "eval_spearman_p_synergy_graph_density_25pct": 0.9309931502265187,
    "eval_spearman_rho_mean_synergy_score": -0.15384615384615385,
    "eval_spearman_p_mean_synergy_score": 0.6330906812462618,
    "eval_spearman_rho_synergy_stability_jaccard": 0.37762237762237766,
    "eval_spearman_p_synergy_stability_jaccard": 0.22620604493502663,
    "eval_spearman_rho_mean_feature_redundancy": 0.2657342657342658,
    "eval_spearman_p_mean_feature_redundancy": 0.40383308831471165,
    "eval_peak_max_rules_FIGS": 15.0,
    "eval_peak_accuracy_FIGS": 0.8181666013288732,
    "eval_efficiency_ratio_FIGS": 0.05454444008859154,
    "eval_peak_max_rules_RO_FIGS": 10.0,
    "eval_peak_accuracy_RO_FIGS": 0.7549642460432328,
    "eval_efficiency_ratio_RO_FIGS": 0.07549642460432328,
    "eval_peak_max_rules_SG_FIGS_10": 5.0,
    "eval_peak_accuracy_SG_FIGS_10": 0.7333915957589389,
    "eval_efficiency_ratio_SG_FIGS_10": 0.14667831915178778,
    "eval_peak_max_rules_SG_FIGS_25": 15.0,
    "eval_peak_accuracy_SG_FIGS_25": 0.7413030921100409,
    "eval_efficiency_ratio_SG_FIGS_25": 0.049420206140669394,
    "eval_peak_max_rules_SG_FIGS_50": 5.0,
    "eval_peak_accuracy_SG_FIGS_50": 0.7287203904634793,
    "eval_efficiency_ratio_SG_FIGS_50": 0.14574407809269585,
    "eval_peak_max_rules_GradientBoosting": 5.0,
    "eval_peak_accuracy_GradientBoosting": 0.8582672482759774,
    "eval_efficiency_ratio_GradientBoosting": 0.1716534496551955,
    "eval_sign_test_p_sg25_lower_peak": 1.0,
    "eval_ablation_frac_oblique_harmful": 0.3333333333333333,
    "eval_ablation_frac_synergy_helps": 0.0,
    "eval_ablation_frac_synergy_hurts": 0.5,
    "eval_ablation_frac_neutral": 0.16666666666666666,
    "eval_degeneration_count_RO_FIGS": 3.0,
    "eval_degeneration_count_SG_FIGS_10": 4.0,
    "eval_degeneration_count_SG_FIGS_25": 4.0,
    "eval_degeneration_count_SG_FIGS_50": 3.0,
    "eval_n_positive_case_studies": 3.0
  },
  "datasets": [
    {
      "dataset": "banknote",
      "examples": [
        {
          "input": "{\"method\": \"FIGS\", \"dataset\": \"banknote\", \"fold\": 0, \"max_rules\": 10}",
          "output": "{\"accuracy\": 0.9563636363636364, \"auc\": 0.9765080895746278, \"oblique_fraction\": 0.0, \"n_oblique\": 0}",
          "metadata_method": "FIGS",
          "metadata_dataset": "banknote",
          "metadata_fold": 0,
          "metadata_max_rules": 10,
          "predict_method_accuracy": "0.9563636363636364",
          "predict_method_auc": "0.9765080895746278",
          "eval_accuracy_mean": 0.9606370272063703,
          "eval_accuracy_std": 0.007924809648049615,
          "eval_auc_mean": 0.9754533291602521,
          "eval_auc_std": 0.011649292366467126,
          "eval_accuracy_rank": 2.0,
          "eval_accuracy_delta_vs_figs": 0.0,
          "eval_oblique_fraction": 0.0,
          "eval_n_oblique": 0.0,
          "eval_degeneration_flag": 0.0,
          "eval_accuracy_at_mr5": 0.799005637456381,
          "eval_accuracy_at_mr10": 0.8116755942640473,
          "eval_accuracy_at_mr15": 0.8181666013288732,
          "eval_peak_max_rules": 15.0,
          "eval_peak_accuracy": 0.8181666013288732,
          "eval_oblique_penalty": 0.08380358327803583,
          "eval_synergy_effect": -0.06858128732581292,
          "eval_total_gap": 0.15238487060384875,
          "eval_case_study_flag": 0.0,
          "eval_sgfigs_advantage": -0.06858128732581292
        },
        {
          "input": "{\"method\": \"FIGS\", \"dataset\": \"banknote\", \"fold\": 1, \"max_rules\": 10}",
          "output": "{\"accuracy\": 0.9709090909090909, \"auc\": 0.9863387978142076, \"oblique_fraction\": 0.0, \"n_oblique\": 0}",
          "metadata_method": "FIGS",
          "metadata_dataset": "banknote",
          "metadata_fold": 1,
          "metadata_max_rules": 10,
          "predict_method_accuracy": "0.9709090909090909",
          "predict_method_auc": "0.9863387978142076",
          "eval_accuracy_mean": 0.9606370272063703,
          "eval_accuracy_std": 0.007924809648049615,
          "eval_auc_mean": 0.9754533291602521,
          "eval_auc_std": 0.011649292366467126,
          "eval_accuracy_rank": 2.0,
          "eval_accuracy_delta_vs_figs": 0.0,
          "eval_oblique_fraction": 0.0,
          "eval_n_oblique": 0.0,
          "eval_degeneration_flag": 0.0,
          "eval_accuracy_at_mr5": 0.799005637456381,
          "eval_accuracy_at_mr10": 0.8116755942640473,
          "eval_accuracy_at_mr15": 0.8181666013288732,
          "eval_peak_max_rules": 15.0,
          "eval_peak_accuracy": 0.8181666013288732,
          "eval_oblique_penalty": 0.08380358327803583,
          "eval_synergy_effect": -0.06858128732581292,
          "eval_total_gap": 0.15238487060384875,
          "eval_case_study_flag": 0.0,
          "eval_sgfigs_advantage": -0.06858128732581292
        },
        {
          "input": "{\"method\": \"FIGS\", \"dataset\": \"banknote\", \"fold\": 2, \"max_rules\": 10}",
          "output": "{\"accuracy\": 0.9562043795620438, \"auc\": 0.9556729939603106, \"oblique_fraction\": 0.0, \"n_oblique\": 0}",
          "metadata_method": "FIGS",
          "metadata_dataset": "banknote",
          "metadata_fold": 2,
          "metadata_max_rules": 10,
          "predict_method_accuracy": "0.9562043795620438",
          "predict_method_auc": "0.9556729939603106",
          "eval_accuracy_mean": 0.9606370272063703,
          "eval_accuracy_std": 0.007924809648049615,
          "eval_auc_mean": 0.9754533291602521,
          "eval_auc_std": 0.011649292366467126,
          "eval_accuracy_rank": 2.0,
          "eval_accuracy_delta_vs_figs": 0.0,
          "eval_oblique_fraction": 0.0,
          "eval_n_oblique": 0.0,
          "eval_degeneration_flag": 0.0,
          "eval_accuracy_at_mr5": 0.799005637456381,
          "eval_accuracy_at_mr10": 0.8116755942640473,
          "eval_accuracy_at_mr15": 0.8181666013288732,
          "eval_peak_max_rules": 15.0,
          "eval_peak_accuracy": 0.8181666013288732,
          "eval_oblique_penalty": 0.08380358327803583,
          "eval_synergy_effect": -0.06858128732581292,
          "eval_total_gap": 0.15238487060384875,
          "eval_case_study_flag": 0.0,
          "eval_sgfigs_advantage": -0.06858128732581292
        }
      ]
    },
    {
      "dataset": "wine",
      "examples": [
        {
          "input": "{\"method\": \"FIGS\", \"dataset\": \"wine\", \"fold\": 0, \"max_rules\": 10}",
          "output": "{\"accuracy\": 0.8888888888888888, \"auc\": 0.9163752913752913, \"oblique_fraction\": 0.0, \"n_oblique\": 0}",
          "metadata_method": "FIGS",
          "metadata_dataset": "wine",
          "metadata_fold": 0,
          "metadata_max_rules": 10,
          "predict_method_accuracy": "0.8888888888888888",